Assault,Asterix,BattleZone,BeamRider,Boxing,Breakout,CrazyClimber,DemonAttack,DoubleDunk,Enduro,FishingDerby,MsPacman,NameThisGame,Phoenix,Pong,Qbert,SpaceInvaders,Tutankham,VideoPinball
382.83,202.0,1430.0,783.36,-23.67,0.34,6.0,67.8,-23.88,0.0,-98.62,118.0,1464.7,37.6,-20.95,0.5,8.1,0.05,7950.21
389.97,1746.0,1180.0,1033.04,-40.23,4.54,11000.0,71.4,-24.0,0.0,-91.76,868.4,1389.9,470.9,-20.97,275.0,9.6,3.41,0.0
374.64,2512.0,20110.0,3323.04,-38.84,18.56,11000.0,156.4,-23.82,0.01,-82.0,1296.6,5106.9,95.0,-21.0,159.25,7.1,3.2,10075.59
347.34,2932.0,28730.0,8179.8,-1.92,56.82,51976.0,2853.8,-23.92,0.52,-95.2,1430.2,7645.5,9015.2,-20.7,293.5,294.15,0.36,6199.32
463.26,2764.0,26480.0,9966.84,22.44,67.18,60878.0,11347.4,-23.96,28.48,-87.4,1660.0,11677.1,15736.1,-14.72,475.5,609.5,103.61,0.0
876.82,3157.0,30750.0,10733.28,40.53,189.58,52442.0,23460.45,-23.86,7.21,-82.11,1715.4,11984.1,15248.7,-13.1,652.0,649.0,110.82,7812.25
1334.42,3146.0,27010.0,12693.84,63.48,228.62,65806.0,19185.95,-22.94,32.55,-87.36,2004.2,12936.6,8760.8,-12.35,771.75,676.95,91.04,816.05
1502.53,3276.0,27560.0,12936.24,73.23,244.98,68744.0,71519.35,-23.82,173.72,-79.07,2207.8,12769.6,5601.4,-10.84,726.25,692.95,125.44,12461.22
1511.22,5502.0,33660.0,13967.4,71.55,303.92,65440.0,50898.45,-21.28,933.18,-51.09,2444.4,13275.6,21703.7,-8.27,3536.75,690.0,115.41,14231.21
1958.96,11758.0,34810.0,15952.2,71.28,239.3,71888.0,85964.5,-23.9,1149.18,-0.58,2280.0,14228.0,25634.5,-6.04,4098.5,734.95,112.93,8193.64
1638.69,29434.0,38760.0,20631.12,75.51,269.32,73982.0,99669.6,-23.86,1417.34,17.58,2430.8,14978.5,21660.7,-5.08,4093.0,811.95,117.96,20227.14
2193.46,26320.0,40720.0,24154.12,84.72,358.38,76070.0,88555.35,-23.54,2045.02,22.01,2416.6,14736.7,15710.8,-3.36,3651.0,776.8,161.05,19541.31
2531.2,33570.0,37100.0,31037.32,85.97,375.08,58738.0,109350.15,-23.52,2164.77,27.65,2707.2,13919.2,18875.6,-3.86,4084.0,837.65,100.69,18838.49
1715.86,34974.0,38890.0,34163.48,88.67,297.6,78002.0,111866.1,-22.22,2140.83,25.9,3195.8,14951.3,20510.3,-2.22,4298.75,982.3,113.43,15473.02
2414.78,35820.0,42410.0,24136.88,90.11,355.72,76276.0,117044.6,-20.88,2227.16,23.04,3123.8,15722.3,18328.8,4.7,4338.25,1283.8,107.15,13909.54
3407.96,36718.0,43650.0,33336.64,84.35,334.26,86224.0,117236.6,-23.72,2192.63,26.75,3442.8,17372.6,22887.9,6.0,4512.75,1089.9,118.3,23286.79
7922.82,66326.0,46960.0,34564.12,82.51,433.42,87758.0,116195.2,-20.3,2171.59,25.46,3377.0,17811.6,25229.5,8.65,4446.75,1328.55,135.84,31933.46
9917.04,91778.0,47410.0,32125.52,85.28,422.7,87250.0,118645.3,-21.8,1917.81,21.22,3867.6,16884.7,27135.5,9.92,7317.25,1336.05,156.86,40778.22
8149.73,159650.0,49050.0,32797.64,83.95,496.16,94348.0,99274.95,-23.8,1771.54,27.99,3216.0,17859.3,10045.6,11.65,7295.5,1467.55,39.44,15883.1
10932.68,142648.0,54600.0,35291.44,87.11,449.54,87030.0,120334.2,-20.92,1476.07,28.5,3842.4,17165.6,22442.6,10.11,7720.0,1488.5,158.68,42265.28
8038.56,172680.0,57420.0,34881.32,88.73,471.72,97092.0,105451.75,-18.66,194.75,27.43,4083.8,17577.2,28112.3,7.25,8034.75,1450.0,163.97,49733.38
10356.68,301416.0,53700.0,25899.32,91.24,446.22,89094.0,118372.9,-18.54,1816.45,26.99,3594.6,19129.0,25351.4,10.32,8793.5,1467.8,91.24,46648.24
14025.16,262834.0,57750.0,37491.08,92.64,450.36,95000.0,121661.65,-16.8,1911.56,26.55,3878.4,20336.8,15478.4,13.05,8017.75,1800.1,160.83,41846.04
10692.91,345432.0,61000.0,26393.64,94.37,451.42,97596.0,116670.5,-19.76,1975.11,28.36,3567.2,19518.1,22464.7,13.89,11197.5,1703.35,160.37,74129.4
17003.7,381042.0,61160.0,28603.2,97.0,483.22,104724.0,124037.5,-17.6,1992.25,33.34,4357.0,18024.4,30217.8,14.3,11277.25,2027.1,161.56,76418.86
9358.09,520320.0,57940.0,35295.36,96.29,494.76,96654.0,121576.05,-18.98,2074.3,29.42,4088.6,20653.7,28132.1,15.42,13324.0,2222.75,166.19,90845.47
16229.64,537492.0,62350.0,23919.0,96.86,454.74,109122.0,119685.8,-17.64,2169.4,30.67,3446.2,18099.8,41839.3,15.24,12782.25,2375.65,162.01,73645.8
17027.93,552654.0,63040.0,33856.68,97.11,463.66,97132.0,124005.3,-17.94,2219.94,34.34,3227.0,20920.6,29535.6,14.27,12347.25,2362.05,160.67,107045.72
12277.17,587830.0,63570.0,47411.0,97.74,471.48,92424.0,128856.1,-19.14,2115.83,28.28,3544.6,21050.4,33991.5,15.64,12227.0,2514.05,161.53,131436.23
16748.62,655398.0,68740.0,40087.44,97.84,487.68,101368.0,129156.5,-17.64,2194.14,28.73,3829.6,21181.6,32591.4,14.92,14391.0,2544.75,157.28,147308.93
12583.52,567074.0,75470.0,35612.2,98.58,507.98,107428.0,124636.35,-15.54,2200.11,32.27,4378.4,21429.2,40048.1,16.01,14782.25,2694.15,161.01,42759.63
14739.74,415394.0,70160.0,26380.2,98.5,524.4,104290.0,127746.2,-18.86,2201.17,33.88,4365.4,20440.2,32330.8,17.16,14655.0,2545.55,164.26,92074.76
14273.58,163388.0,70490.0,31830.0,98.43,545.4,95250.0,119170.95,-11.8,2141.07,30.18,4479.0,22101.2,34392.6,15.41,14393.25,2697.6,160.75,181934.84
15687.47,373996.0,69070.0,43105.4,98.79,503.46,105056.0,124560.95,-9.36,2255.24,32.12,5281.2,23085.5,38918.6,16.39,14256.25,2648.95,160.96,137811.86
17716.36,440832.0,64780.0,43298.28,98.49,470.5,106788.0,130021.25,-14.84,2255.12,33.22,4720.2,21939.1,47370.7,17.55,12620.5,3763.05,162.08,116244.53
15781.52,418068.0,69060.0,32891.04,98.44,547.4,105924.0,130267.65,-15.62,2253.17,29.26,4334.8,22310.5,56644.0,16.89,14736.5,8339.25,160.49,49896.5
14800.41,400202.0,71530.0,44345.28,98.5,535.18,99600.0,131362.1,-8.76,2109.59,32.12,4583.6,23249.7,43631.0,13.09,14951.5,10420.65,156.53,122764.99
14835.97,254184.0,70620.0,36874.24,98.9,553.2,104396.0,129733.2,-15.36,2271.27,32.02,4701.0,22773.3,59342.2,16.85,15091.5,8717.3,160.07,164700.1
14530.2,358200.0,73560.0,34992.96,99.15,581.64,100474.0,131283.55,-9.46,2258.34,32.44,4491.8,22919.6,43716.7,16.57,14521.75,8433.05,161.4,199967.94
19983.28,301970.0,68970.0,34120.72,99.1,487.44,105888.0,133117.25,-11.98,2286.13,33.76,4818.0,22709.5,45587.4,16.74,14829.5,6813.5,159.39,174878.67
18857.66,212940.0,73670.0,34668.4,98.72,511.48,105882.0,129955.0,-7.26,2233.89,27.88,4849.2,22972.4,68472.0,16.88,15313.0,3798.75,160.18,79616.75
16498.4,105926.0,73100.0,27904.6,98.83,518.2,111080.0,132238.1,-1.4,2290.45,33.84,4477.2,22871.6,78226.7,17.06,15771.0,6741.1,153.4,181790.11
9938.87,241044.0,71650.0,23361.84,98.67,549.46,105054.0,131983.0,-13.3,2246.33,32.8,5327.8,22785.9,75490.4,16.67,9849.0,10384.7,163.65,221059.77
17304.14,431880.0,73020.0,25787.8,98.48,470.76,107356.0,130719.6,-1.1,2297.75,33.36,5244.0,23061.1,79849.1,17.13,17533.5,6180.1,160.91,143036.56
16962.65,263028.0,78680.0,43332.12,99.42,551.94,107540.0,115410.2,7.38,2221.44,32.21,4931.6,22530.1,85314.5,17.42,16904.75,9002.2,159.65,213025.08
16041.05,327346.0,76450.0,45081.88,99.15,527.86,107600.0,132456.7,-8.46,2220.79,33.02,5359.0,23245.3,97242.0,17.81,16407.5,12390.95,159.01,154725.19
15812.91,349822.0,87150.0,30141.0,99.1,537.0,110212.0,121613.4,-1.92,2257.71,32.94,4694.6,22992.7,92289.0,16.74,17865.0,15779.95,153.59,239105.95
19666.9,205100.0,90410.0,37864.68,98.86,589.9,109480.0,129090.4,8.88,2285.91,32.8,5058.6,22069.6,79687.5,17.34,15367.25,11340.0,160.56,318405.52
20134.27,297202.0,75500.0,34715.6,99.3,575.16,111978.0,123332.9,11.74,2306.15,34.73,5615.82,23540.8,60965.6,17.04,17248.75,18693.05,153.89,342082.8
18512.62,255352.0,84840.0,31866.4,99.54,577.54,104362.0,130949.2,0.16,2277.96,34.27,5226.2,23616.1,105370.7,17.29,16327.75,14203.6,157.0,102347.95
21246.09,385918.0,89600.0,46650.4,99.1,541.24,108440.0,131966.8,8.14,2267.78,33.79,5626.42,23298.1,88531.0,17.68,19638.5,15036.9,161.72,184742.08
20405.06,118698.0,77220.0,40452.24,99.25,540.6,109820.0,132853.35,16.72,2320.29,33.56,5039.4,23514.4,69421.5,17.53,20401.75,12197.9,157.22,309039.53
20166.75,206540.0,70670.0,47064.04,98.6,471.98,103946.0,132202.25,16.16,2311.36,35.38,6027.0,22922.1,86960.8,17.09,19825.25,22293.5,157.6,298694.91
20382.47,235214.0,84920.0,29575.28,99.37,486.38,105054.0,130945.8,18.2,2286.58,30.75,5602.2,23216.1,74962.0,16.78,19568.5,12677.4,164.16,253653.07
19027.07,423942.0,80960.0,53120.92,99.08,547.62,105870.0,133955.25,17.46,2265.32,33.17,5248.6,23450.7,49930.6,17.41,21677.0,17210.25,160.23,322493.69
18978.21,326620.0,78240.0,47122.32,99.47,529.9,106664.0,132340.65,17.98,2315.95,34.94,5755.42,24084.5,100151.1,17.3,21880.75,6814.6,160.96,393612.11
20564.76,452336.0,81610.0,41571.76,99.26,575.94,108146.0,125910.05,17.48,2318.02,31.21,5661.4,23468.7,128961.1,17.75,20966.5,9543.45,163.75,282429.05
20789.75,196428.0,97250.0,50340.84,99.19,542.56,109912.0,132425.55,17.72,2306.57,30.91,6115.4,23817.0,65521.1,17.63,20826.75,11880.7,166.73,336650.4
23709.81,199995.0,83190.0,27148.48,99.09,555.7,106928.0,134030.5,18.38,2280.59,30.86,6337.02,23911.5,83801.0,17.35,20100.25,25884.85,147.91,299710.36
22150.31,315306.0,79720.0,33716.88,99.44,424.4,106470.0,131137.55,19.4,2252.52,28.76,6030.0,22933.7,77905.8,17.82,22544.75,16966.75,165.22,395923.22
19318.68,202016.0,96310.0,33745.16,99.57,513.28,106684.0,134211.1,17.9,2305.47,30.45,6573.44,23692.6,97354.2,17.21,21557.5,13271.25,141.99,331238.45
18432.98,299610.0,94060.0,34645.8,99.47,512.82,106190.0,132466.0,18.06,2311.08,37.08,6433.62,23707.4,100234.6,17.45,22648.0,13681.2,157.49,325828.33
20102.63,185022.0,89600.0,60898.72,99.11,533.26,112324.0,132586.45,18.02,2335.36,34.52,6103.22,23879.7,105477.1,17.77,22086.25,14968.65,168.49,339460.07
19392.65,236502.0,81260.0,48168.2,99.39,513.34,106274.0,132934.5,19.0,2317.01,34.58,6113.44,20780.8,114949.2,17.61,22333.0,18453.0,169.14,335249.33
18565.2,228448.0,85510.0,40645.08,99.46,536.66,99312.0,133811.15,19.52,2297.15,29.53,5733.6,23489.9,60336.6,17.5,22943.5,26850.5,168.29,359090.95
17083.39,293234.0,82260.0,31665.52,99.26,508.46,107484.0,133162.45,17.3,2311.67,33.23,6103.62,24154.1,105078.9,17.95,20092.75,21103.4,166.57,367845.04
17547.03,175552.0,102150.0,31380.36,98.64,550.82,109240.0,134185.9,19.0,2317.22,37.8,6170.02,24085.1,154515.7,18.02,23009.75,25859.95,170.59,384029.66
18397.46,256740.0,81230.0,48330.44,99.46,467.88,106852.0,133713.4,18.22,2288.5,36.47,6074.0,23879.4,125961.4,17.23,22706.0,13088.45,173.67,338723.98
23976.19,433396.0,77570.0,39926.16,98.99,470.78,111038.0,132735.9,17.9,2032.92,32.89,6047.62,24323.1,207679.7,17.29,23127.5,16824.45,167.19,327640.46
19886.27,287676.0,92720.0,45377.24,99.26,437.06,106050.0,133837.45,19.46,2320.9,35.7,7043.28,24087.1,74274.6,18.05,23217.5,25134.5,162.84,428730.63
22338.1,381204.0,84380.0,50157.0,99.65,504.6,105822.0,133467.55,18.38,2320.84,32.74,6645.86,24154.1,149921.8,17.99,22715.25,20501.65,172.94,370110.41
21098.97,282086.0,84290.0,43370.2,99.09,533.8,110380.0,133884.1,18.48,2332.53,36.72,6225.86,24458.1,115899.3,17.63,23039.75,14316.65,169.57,288983.33
19155.72,227182.0,93220.0,51219.56,98.47,486.98,105152.0,133456.9,19.32,2314.95,35.25,6268.26,24809.0,147764.6,17.49,23918.0,20892.95,175.36,341840.45
20927.49,149844.0,98660.0,48904.8,99.25,510.26,115594.0,131137.1,18.56,2296.73,33.58,6052.02,24304.8,207217.8,17.97,23498.0,25430.65,169.14,358977.85
19203.41,234532.0,91490.0,21966.24,98.64,485.96,100852.0,133314.75,19.14,2325.29,31.03,5946.84,25019.8,137254.6,17.76,24431.0,26706.35,172.71,380677.41
18134.28,254690.0,99240.0,48541.84,99.05,537.7,109286.0,133211.7,18.8,2290.83,32.86,6211.44,24468.5,157763.9,17.63,23224.75,26125.2,161.44,363909.39
18134.74,196831.0,102530.0,23684.28,99.15,465.96,110494.0,133043.05,18.78,2312.7,33.78,6279.84,24256.8,138421.7,18.27,23324.25,32023.45,174.12,387937.24
23386.48,307310.0,119780.0,45845.12,98.63,469.94,114834.0,134093.95,20.3,2285.33,33.0,6180.82,24485.2,109662.0,17.78,23601.5,30123.4,172.13,386983.53
22192.28,197396.0,106130.0,43882.8,99.26,590.18,111060.0,134842.0,19.54,2305.48,33.13,5906.2,24878.4,100765.4,17.96,24422.25,34382.0,176.16,300383.86
22447.46,220477.0,113210.0,44453.72,99.32,599.18,109890.0,132321.0,19.3,2294.88,29.01,6720.48,24805.6,154423.4,17.82,24466.0,26753.05,176.74,410776.24
25504.34,142446.0,146560.0,51390.72,99.45,518.96,107398.0,133780.0,19.4,2282.37,29.61,6337.86,24452.8,173665.7,18.33,21281.5,28914.2,174.32,353521.53
20292.92,250980.0,102160.0,50515.0,99.41,511.28,112482.0,134371.8,19.06,2308.36,34.08,6241.62,24985.3,138103.2,18.28,22891.75,21700.25,167.86,342840.18
16184.32,406096.0,132410.0,47829.2,99.37,578.16,107224.0,133774.9,17.42,2308.52,35.38,7046.12,25058.4,169295.9,17.65,24139.5,26886.3,166.72,376682.41
19217.18,374298.0,113480.0,35994.16,99.32,544.54,107258.0,134915.9,20.22,2326.21,31.64,6306.84,23988.3,184128.3,18.0,23502.75,29212.9,175.61,372118.31
23502.24,316574.0,96310.0,48240.4,99.22,547.46,108980.0,133359.1,19.8,2325.82,33.8,4678.0,24063.3,103836.6,17.64,23971.25,17204.6,178.31,438910.72
23809.28,284608.0,93670.0,56261.68,99.49,535.14,105062.0,134205.8,20.76,2312.02,34.67,6369.06,24165.8,93860.8,17.99,24464.75,27543.6,176.78,411955.43
22601.93,205936.0,100260.0,46530.24,99.34,606.94,105268.0,134522.85,19.78,2345.66,36.22,7284.54,24889.9,129558.1,18.09,25294.25,27344.6,177.58,376392.57
20998.07,160550.0,83360.0,59551.76,99.13,509.56,109946.0,134465.9,19.52,2343.0,34.8,6685.88,25040.5,159735.5,18.23,23785.75,19973.05,171.03,423295.46
21434.23,349456.0,106480.0,47388.48,98.9,560.64,101380.0,133215.45,19.9,2345.19,38.76,7222.28,25072.0,150761.9,17.67,24002.75,32934.35,175.91,401905.54
19711.7,248902.0,105630.0,40095.32,99.38,618.54,107718.0,133567.45,20.78,2304.86,37.16,6695.66,24345.4,151798.9,18.17,24826.75,26601.45,162.22,414257.32
21646.32,321798.0,90710.0,53143.32,99.42,533.1,112646.0,134581.35,20.18,2287.1,39.09,7732.2,24978.6,204129.4,17.83,24326.25,15884.75,170.37,425908.65
20924.42,199372.0,103040.0,45251.68,99.5,541.36,105668.0,134356.35,19.98,2256.83,38.9,6965.66,24500.2,170686.5,17.9,25405.25,25373.1,173.01,439190.48
23658.2,358624.0,91090.0,67967.64,99.18,496.88,116456.0,134484.2,19.7,2339.4,41.81,6974.12,25108.4,109518.7,18.16,24420.5,35682.0,178.12,326514.93
16535.87,203006.0,119370.0,53134.52,99.4,605.78,111330.0,134271.3,19.44,2277.55,38.32,6233.24,25519.3,117840.4,18.29,24876.0,30294.85,171.92,351917.22
21962.43,175454.0,123210.0,42340.04,99.48,487.46,112122.0,134244.8,19.74,2336.96,40.45,6574.64,25167.5,160791.9,18.62,25807.75,23948.8,144.78,465765.19
18930.07,310740.0,95760.0,44192.24,99.27,523.62,113250.0,134237.45,19.72,2315.31,37.41,6672.7,25324.6,88995.0,18.16,24639.0,16109.35,166.51,463894.23
20879.97,164794.0,124930.0,53422.96,99.52,631.16,107498.0,133013.9,19.66,2339.87,38.58,7313.34,25194.7,136073.7,18.62,24925.5,34111.4,175.82,551286.29
22870.8,256218.0,118570.0,47037.12,99.32,592.72,111126.0,133443.15,20.56,2326.41,42.9,7394.32,25722.1,163993.0,18.44,26477.25,33333.55,177.5,517583.78
22011.8,203361.0,117650.0,43644.24,99.21,608.98,99266.0,134198.1,20.6,2333.17,39.35,7735.16,25776.1,228990.9,18.31,25073.75,34359.0,170.81,495892.06
21860.68,409192.0,110950.0,42081.28,99.37,510.06,112646.0,133627.1,20.32,2341.04,41.42,7087.54,26230.0,118430.0,18.14,25574.75,17672.3,166.19,566025.38
16360.66,197424.0,105060.0,36635.52,99.51,520.5,106352.0,134502.55,20.34,2328.7,43.93,7867.44,25417.7,117214.6,18.38,24939.25,30581.95,169.2,461932.8
19739.8,261038.0,108020.0,37744.64,99.52,592.98,110602.0,122413.65,20.52,2334.06,40.59,7437.96,25253.4,195408.8,18.32,26114.75,33825.85,182.64,425955.15
20982.1,363158.0,104530.0,40659.64,98.56,496.12,110842.0,133924.25,19.56,2335.37,43.66,7516.36,25356.3,111924.3,17.98,25815.25,24878.6,174.97,475766.87
20274.81,258396.0,104850.0,36824.2,99.58,586.48,116732.0,133863.6,20.52,2338.81,46.63,7200.7,25744.9,132799.4,17.97,24998.5,24200.95,177.64,549783.77
17363.08,203886.0,123430.0,41452.2,99.48,546.62,106034.0,134352.25,20.28,2343.88,44.65,6300.72,26017.3,195314.5,18.44,25418.0,32173.1,179.07,518506.9
20461.93,128564.0,100010.0,35484.72,99.23,508.44,115208.0,134595.4,20.8,2335.41,43.32,6069.08,26513.8,134064.8,18.04,25747.0,18541.45,178.28,583890.32
23530.66,170968.0,113560.0,58497.0,99.37,575.4,114788.0,134537.4,19.84,2320.26,43.22,6930.9,25277.4,178778.7,18.2,25210.0,21545.9,178.61,561247.38
23130.25,187572.0,114930.0,25939.88,99.42,589.58,112226.0,133875.4,19.68,2340.03,42.46,8850.52,24913.6,147403.3,18.15,25811.5,26468.7,183.38,513296.12
25156.1,185476.0,121790.0,47297.48,99.33,497.96,110190.0,133138.45,20.62,2316.42,42.95,7634.52,26051.1,140874.3,18.37,24823.75,24355.15,177.89,454906.53
24035.41,193244.0,108340.0,51068.24,99.49,530.9,108678.0,134271.35,20.46,2332.59,44.27,7144.14,26016.7,81422.3,18.45,25385.0,33675.25,184.02,464603.44
22846.45,124456.0,107410.0,31182.88,99.58,501.5,109744.0,134493.7,20.2,2328.42,43.15,7410.92,27163.7,137207.9,17.99,26043.5,38975.55,185.35,463881.21
18807.26,311018.0,117130.0,49139.56,99.41,607.04,109960.0,133483.6,20.24,2340.22,44.82,7572.58,26090.0,182074.1,18.29,24623.5,29007.05,186.26,494396.28
22286.04,298672.0,134240.0,46459.88,99.47,591.92,115016.0,134965.3,19.62,2341.58,46.77,6980.94,27296.3,141861.9,18.48,25817.75,27061.65,179.52,468121.64
25942.68,320884.0,124120.0,52887.84,99.47,618.18,117060.0,134386.35,20.56,2334.35,45.18,8138.24,26179.6,210731.6,18.6,24207.0,26636.6,185.34,499399.81
20974.56,332046.0,144130.0,55332.52,99.61,535.54,116172.0,134427.5,19.9,2335.65,46.28,7610.52,26171.6,146616.1,18.31,26475.75,23567.0,175.97,519990.44
21956.47,373182.0,115430.0,53181.84,99.48,576.56,111444.0,134522.05,20.52,2343.62,44.53,7249.76,26761.0,108983.8,18.68,26726.25,26253.3,169.59,480741.68
22668.17,342080.0,128130.0,42469.2,99.23,455.38,111294.0,133713.95,20.06,2349.67,44.93,8137.4,26489.8,128482.1,18.73,25846.5,30980.5,178.44,509579.28
21015.23,406790.0,108740.0,46582.48,99.44,464.62,115082.0,134788.05,20.78,2333.97,43.77,6596.28,26780.8,91826.5,18.41,25358.5,31857.5,190.01,408144.68
18399.15,310414.0,119340.0,31509.16,99.33,482.68,114720.0,134753.8,20.24,2342.19,45.03,7642.2,26024.0,160737.3,18.67,27261.25,37221.35,178.84,458391.95
23293.48,161066.0,102700.0,38149.44,99.44,522.6,112342.0,135177.7,20.4,2336.81,44.42,6399.2,26202.3,180201.7,18.11,24317.75,16809.15,184.31,545935.55
23433.3,226760.0,116590.0,60313.92,99.44,523.42,112536.0,134515.35,20.2,2297.26,44.18,8222.44,27300.1,145950.5,18.56,27455.5,12624.9,185.2,533416.59
20252.78,229320.0,146710.0,46943.48,99.45,514.84,117448.0,134173.0,20.92,2341.77,46.17,6827.92,27833.6,114913.5,18.58,27066.25,38870.95,185.04,489729.14
25267.78,168970.0,126140.0,50501.08,99.49,601.88,119200.0,134394.8,20.8,2347.58,46.17,7675.44,27964.5,114944.8,18.5,27282.5,20326.1,170.26,537492.87
24658.12,293190.0,120650.0,44888.6,99.33,497.48,117562.0,134980.8,19.66,2327.78,44.92,6615.06,27243.3,92552.0,18.66,26669.75,32182.85,185.82,525666.23
21766.61,181782.0,102620.0,42832.96,99.21,561.82,113240.0,135735.95,20.42,2340.86,44.01,7825.96,26693.6,217830.6,18.39,27299.5,29166.2,165.69,482390.69
23238.21,224578.0,126810.0,39434.0,99.61,474.54,112182.0,134628.3,21.02,2350.68,45.1,6991.54,27227.1,116433.1,18.68,27641.25,37149.55,182.15,503457.48
23793.29,291228.0,165410.0,49601.12,99.53,515.48,113032.0,135182.35,20.96,2315.36,48.03,7777.28,27526.4,164321.9,18.24,26924.75,31830.7,180.34,484624.21
23358.62,281296.0,128390.0,34192.08,99.38,527.68,118162.0,134704.85,20.74,2334.6,47.96,7361.18,25258.6,129706.9,17.71,28605.25,28156.85,188.42,501447.51
19028.41,162464.0,116470.0,41461.92,99.44,560.88,115296.0,133927.45,20.1,2342.36,48.36,7358.3,25553.8,138157.7,18.21,26020.25,30027.95,187.47,492258.28
20004.94,167395.0,117650.0,72331.92,99.15,574.74,114962.0,134645.2,20.92,2332.57,46.21,6587.46,26317.3,210218.9,18.38,25095.5,20474.3,176.81,511946.08
21202.68,287930.0,123740.0,48551.44,99.39,494.34,116364.0,133219.15,20.5,2342.5,44.88,7433.2,27266.5,180672.4,18.93,27494.25,33092.05,177.48,515075.21
21649.75,217036.0,118540.0,50761.92,99.39,514.74,121372.0,134700.65,21.06,2349.59,46.1,7311.0,27176.6,142698.6,18.2,27185.75,35858.6,175.44,510985.72
23747.2,341896.0,122800.0,54133.0,99.48,563.0,116002.0,135303.25,21.22,2336.36,44.0,7324.76,27121.4,227123.6,18.6,27259.5,37054.9,175.59,446409.96
22637.58,380948.0,116640.0,47916.72,99.25,573.56,117114.0,133667.85,20.82,2341.03,46.58,7187.2,27417.3,179694.3,18.64,28282.75,37231.3,188.24,520251.41
23386.53,341022.0,120880.0,65126.52,99.48,545.56,116500.0,133968.95,20.96,2339.77,48.78,7733.04,27263.2,236326.0,18.66,26576.75,36502.35,184.83,520334.68
24450.19,319630.0,148040.0,44985.48,99.35,460.8,116120.0,135501.3,21.44,2343.22,48.79,7565.62,27563.8,199547.8,18.44,25846.0,27449.65,190.76,441325.78
26363.96,232696.0,135230.0,78094.48,99.26,583.62,123122.0,134669.3,20.74,2332.28,43.14,7547.56,27683.3,184085.7,18.72,26089.0,30304.25,188.2,516879.56
26017.26,150572.0,126370.0,69308.88,99.47,528.56,121450.0,135428.8,20.96,2350.98,48.3,8343.26,27786.2,145074.5,18.45,26615.25,19072.2,184.26,564534.6
26374.93,219098.0,126750.0,54597.2,99.36,511.88,114140.0,134531.65,20.1,2346.35,48.1,8157.06,27494.7,138666.3,18.73,26042.75,42180.1,186.89,475023.72
28448.0,267604.0,130170.0,58132.48,99.18,525.94,110076.0,135189.0,20.82,2340.73,48.38,8486.42,27187.8,186766.0,18.89,25785.5,37290.45,189.66,461679.9
23482.96,216254.0,127400.0,35374.0,99.54,537.04,119858.0,135354.4,21.24,2333.84,48.5,7191.12,27426.7,170477.6,18.94,27212.25,37018.85,174.46,496622.99
26625.29,151448.0,147840.0,48062.0,99.66,531.4,120782.0,134727.6,20.6,2338.11,50.02,8028.24,27149.3,155057.7,19.2,26877.75,24378.9,188.53,533785.54
27256.78,133849.0,130740.0,59526.48,99.32,542.96,127508.0,134984.55,20.66,2336.43,47.47,8074.38,26205.2,178148.3,18.76,26970.75,31320.45,175.43,500530.2
23311.86,198914.0,129230.0,48040.56,99.39,617.42,111466.0,134204.3,20.66,2336.05,51.71,7126.02,26603.2,221226.8,19.04,25261.0,34401.7,185.61,470441.52
24091.98,197601.0,134880.0,57172.76,99.39,367.1,113346.0,135420.2,20.88,2339.23,50.37,8201.64,27361.5,109791.1,18.62,24583.25,27157.35,184.14,518016.28
28003.09,214682.0,134720.0,68233.76,99.15,570.94,109260.0,134375.9,21.26,2337.19,51.74,7459.56,27328.9,89448.6,18.69,25169.5,29532.95,186.77,530103.11
26357.57,226306.0,139270.0,73199.64,99.4,563.54,119480.0,133454.65,21.22,2343.26,50.31,8496.7,27235.3,132614.8,18.53,26133.0,37089.1,192.71,488541.95
27554.42,196700.0,114390.0,82412.0,99.47,592.72,117256.0,134859.5,20.4,2350.65,51.97,8897.92,27591.6,165292.9,18.57,26337.0,27330.15,187.72,458373.31
25899.98,198034.0,123430.0,73327.4,99.14,574.5,111340.0,134769.45,20.58,2340.75,51.94,7691.0,28032.5,86595.6,18.78,27080.25,28418.25,178.36,498071.57
22564.12,207936.0,109730.0,57499.0,99.42,557.44,111598.0,134201.3,21.68,2340.38,50.64,7710.0,27901.0,145370.8,18.44,26318.25,36135.35,188.47,438848.92
25935.88,299362.0,125640.0,63801.56,99.45,550.12,120004.0,134648.05,20.52,2344.39,48.77,8021.44,27433.4,173841.4,18.65,27817.5,16970.3,191.52,489030.73
28105.43,194170.0,127580.0,52691.84,99.61,558.2,128320.0,134726.55,21.24,2347.55,53.23,8910.34,26765.0,126766.6,18.65,26402.0,25895.95,189.72,499561.0
24434.54,210267.0,133000.0,47357.52,99.57,579.8,115450.0,135115.75,21.92,2338.36,53.16,7536.54,27394.5,202244.2,18.8,26072.25,35929.6,188.65,504971.29
26178.42,222395.0,113360.0,56391.6,99.54,490.02,116774.0,135344.7,21.64,2344.87,54.94,7873.34,27771.3,127220.7,18.37,29285.75,35080.3,170.25,513507.95
24639.63,380584.0,134230.0,49798.6,99.67,561.44,118598.0,134012.2,21.68,2340.65,53.2,7963.64,26604.9,144129.7,18.48,25427.5,38647.9,176.72,468692.28
26601.05,216147.0,113710.0,70484.24,99.25,593.28,122440.0,133272.65,21.56,2340.73,53.59,8391.54,27690.3,120172.9,18.38,27767.25,12190.05,186.61,514252.02
28376.41,289036.0,113430.0,54482.92,99.54,550.32,119892.0,133047.05,21.38,2326.08,51.2,6972.86,25942.3,144387.7,19.04,29084.5,42901.15,195.37,487117.59
27210.13,219482.0,115850.0,80237.04,99.72,628.8,121540.0,133660.5,21.16,2317.7,53.1,8399.32,27864.7,148335.5,18.34,25550.5,32598.8,191.66,477902.21
27043.0,209821.0,115670.0,64131.52,99.52,549.74,118790.0,134631.8,21.2,2343.36,52.24,8433.52,27473.0,155173.0,19.08,27089.5,36518.6,192.24,505275.68
27127.81,141280.0,123210.0,59388.4,99.66,546.8,118456.0,134969.95,20.7,2348.37,52.92,7326.36,26846.9,170345.4,18.49,29826.0,18882.25,190.42,528502.31
25912.75,283266.0,116660.0,73268.0,99.51,615.56,114798.0,134628.85,21.48,2341.95,53.35,8439.24,27945.2,125785.9,19.04,29024.25,41248.5,192.65,505163.56
23886.54,303868.0,124590.0,55020.28,99.51,506.2,123952.0,134872.85,21.3,2347.81,52.0,7437.92,26928.5,192462.1,18.74,27839.25,42987.85,196.48,504297.53
25761.8,195736.0,130880.0,61492.68,99.22,533.56,120962.0,134611.15,21.8,2347.57,52.68,8084.36,28038.4,190307.1,18.02,26047.25,38953.7,189.87,479043.12
25848.47,265234.0,129200.0,47040.04,99.42,596.54,126136.0,134884.5,21.0,2346.49,52.17,8110.0,27663.5,181328.0,18.8,26711.25,34092.75,192.1,482686.34
27515.14,182872.0,135230.0,58532.08,99.48,496.46,122332.0,134665.75,21.24,2349.45,53.34,9579.02,28170.7,191327.5,18.67,22437.75,18287.4,187.26,463868.83
24435.48,239166.0,144150.0,72010.28,99.67,511.9,123926.0,135144.9,21.34,2342.51,50.95,8605.64,27935.0,146066.0,18.54,29047.0,31302.8,167.81,480249.03
25984.78,182628.0,149850.0,76520.72,99.64,579.66,123074.0,110292.75,21.48,2346.92,53.25,7634.2,27768.4,140634.9,18.84,27472.75,21393.5,194.2,538584.25
24693.77,274010.0,134350.0,36852.52,99.5,526.42,121872.0,135292.7,21.72,2332.93,53.12,8257.6,28218.7,171751.2,19.02,28465.25,32842.65,194.25,519486.49
20669.69,205234.0,139160.0,72721.36,98.58,618.1,123888.0,134509.1,21.3,2350.06,51.52,8529.3,28073.5,109559.8,18.28,29208.5,31480.55,193.48,476757.17
22143.68,254096.0,126110.0,57059.52,99.54,555.86,119210.0,134687.7,21.72,2336.81,52.55,7639.94,27314.4,184490.6,18.78,26471.0,37319.6,193.73,494895.54
27308.4,299240.0,126080.0,48251.84,99.0,481.94,124496.0,104105.2,21.58,2347.35,54.04,8883.06,28201.0,133327.1,18.02,29455.5,45510.5,189.49,460159.89
25781.48,355710.0,131020.0,42758.48,98.43,575.96,119184.0,134782.2,21.8,2351.91,53.86,7604.04,27892.6,173490.6,18.55,27411.25,18496.55,184.49,452571.66
29848.97,220398.0,116740.0,45134.64,99.51,503.4,115300.0,134719.65,21.3,2343.09,54.24,7826.62,27768.5,218991.4,18.95,26422.75,34606.1,194.55,510180.81
27291.46,214732.0,136010.0,51415.48,99.3,580.28,122586.0,134822.9,21.5,2349.6,50.03,8599.7,27666.0,187882.5,18.76,27846.75,34110.55,192.66,525089.53
24942.18,162568.0,128810.0,61987.88,99.24,623.48,124546.0,134880.6,21.3,2348.87,51.1,7938.78,27262.6,173839.7,19.01,25534.0,23410.85,186.58,475193.82
22373.13,220639.0,140560.0,49207.96,99.69,549.04,118084.0,134956.8,21.36,2347.6,53.23,7997.8,28019.7,161802.0,18.89,27823.25,38372.0,197.0,533592.85
24167.89,191894.0,128330.0,59889.6,99.53,582.76,113078.0,135057.85,21.36,2333.8,53.71,9021.12,27895.7,224369.1,18.46,31183.0,37552.65,198.32,478746.59
25544.16,219162.0,121540.0,32029.8,98.94,606.18,128052.0,135227.45,21.3,2345.13,52.87,7249.7,27999.2,122629.3,18.87,29691.5,40493.05,190.01,437331.03
28692.77,430873.0,137280.0,55674.72,99.53,539.56,123272.0,134313.05,21.66,2320.71,53.83,8424.64,28497.5,166216.6,18.69,30850.75,31380.8,189.15,500062.13
24637.92,179373.0,150330.0,73446.12,99.46,510.44,120178.0,134351.3,21.26,2342.96,52.53,8502.5,28534.3,226172.0,18.84,29202.75,31597.25,194.23,490844.73
29040.51,181284.0,127500.0,72561.16,99.73,480.92,121156.0,134833.5,21.14,2346.58,51.71,9236.78,27982.8,202122.1,19.16,29068.0,29665.65,190.25,490653.44
24532.49,215022.0,153150.0,79433.08,99.54,512.32,129144.0,135013.55,21.4,2341.5,52.32,8496.92,28145.4,132599.9,19.22,27898.75,30929.3,190.86,491403.51
27600.52,208928.0,165880.0,54078.92,99.62,525.38,130328.0,134822.1,21.62,2342.45,53.45,7890.8,28473.6,238492.9,18.77,29165.25,33046.9,195.15,532191.21
32161.94,229840.0,146960.0,37908.2,99.61,600.42,129620.0,134217.45,20.9,2330.86,54.57,8045.42,27997.8,167753.8,19.09,26895.0,28208.15,187.93,495680.41
28964.5,201864.0,156150.0,62001.04,99.35,515.24,120054.0,134796.9,21.5,2326.27,54.14,7148.54,28369.9,168491.8,18.95,27083.5,32143.95,192.44,504484.94
26765.61,219646.0,148700.0,59528.6,99.2,566.36,121824.0,135220.85,21.36,2342.57,52.57,9144.08,28803.7,162442.9,18.83,30576.25,34195.65,203.75,490510.17
27475.68,225310.0,141870.0,86611.92,99.42,574.22,119120.0,134724.4,20.92,2337.06,52.24,8619.32,28428.3,196857.3,18.95,24966.5,37875.75,199.73,475573.67
23374.17,218810.0,151000.0,90101.84,99.48,536.98,122304.0,135377.95,21.66,2350.09,53.39,7271.98,28272.0,163753.4,19.06,28043.0,43266.0,190.27,489030.45
27389.29,326666.0,145060.0,66477.72,99.47,627.18,124326.0,134953.65,21.6,2351.07,53.06,7513.58,27232.4,171223.9,18.89,20981.75,31154.15,179.59,523107.08
24856.44,237424.0,135800.0,61026.44,99.47,603.44,116002.0,134775.65,21.64,2344.34,52.56,8062.98,27355.5,187888.2,18.8,28089.25,33454.5,191.52,462306.99
27537.8,249732.0,146840.0,35517.0,99.63,600.72,123928.0,134522.75,21.62,2340.43,53.12,8671.88,28490.4,262433.2,19.0,26335.0,43345.85,191.72,450710.52
28556.78,263588.0,139110.0,86386.44,99.8,565.16,118636.0,134000.4,21.86,2349.15,51.12,8734.14,27458.4,214570.8,19.11,27376.0,41857.9,185.61,480373.81
29512.13,262442.0,144000.0,66252.44,99.64,571.86,124102.0,134535.2,21.6,2352.31,54.2,8794.24,29171.1,168946.4,19.0,29076.75,29462.15,195.02,395160.7
26865.84,320790.0,144490.0,78683.6,99.46,576.42,125260.0,134920.1,21.55,2336.72,54.19,8873.06,29464.4,171426.2,18.98,29240.0,31774.5,199.08,488773.86
25791.17,279460.0,140500.0,43968.92,99.57,643.66,118962.0,135246.6,21.69,2339.35,51.18,7127.54,29036.2,190518.5,18.91,26836.0,42419.35,199.75,496272.8
26639.02,314360.0,150490.0,52656.2,99.55,533.62,121384.0,134218.85,21.67,2336.77,54.56,8035.2,26564.6,165145.9,18.84,27793.25,30810.05,197.25,502004.9
22494.24,244770.0,131050.0,50584.32,99.49,617.22,120280.0,135161.75,21.69,2347.97,53.49,8788.96,28510.1,122916.8,19.09,27245.25,36065.05,199.29,479212.5
31195.11,311380.0,138210.0,66373.64,99.29,491.32,126536.0,134587.6,21.69,2325.25,54.68,9532.76,28954.8,227563.2,18.81,23957.5,19259.65,193.95,467977.46
26139.18,362230.0,145550.0,85198.52,99.72,544.78,130802.0,134631.05,21.56,2340.65,54.69,8759.5,28526.4,128532.5,19.2,27967.0,32524.35,193.02,512109.52
27875.66,317140.0,132230.0,75654.6,99.79,625.66,120334.0,135287.3,21.64,2340.28,53.95,8891.54,28931.4,125452.2,18.77,28704.5,29098.15,193.85,462108.24
